,diatonic_pct,triad_pct,mode_sin,mode_cos,step_range,ioi_mean,n_peaks,repeat_ratio,pitch_mean,bucket_year,cluster_id,intra_sd,cluster_size,song_title,performer,style_id,is_representative,major,is_new_style
0,0.8858363429157642,0.6676709013234304,0.43388373911755823,-0.900968867902419,23.0,0.85897440478125,10.0,0.4545454545454545,61.48484848484848,1958,0,0.052183984063631915,591,The Purple People Eater Meets The Witch Doctor,Joe South,2,0,1,1
1,0.919420985995777,0.59089108320014,0.0,1.0,23.0,0.8244902364857144,9.0,0.5,60.36111111111112,1958,1,0.053401944035310456,412,Jump Over,Freddy Cannon,3,1,1,0
2,0.950626315330664,0.6259539144879275,0.7818314824680298,0.6234898018587336,25.0,0.7083761069210526,9.0,0.6410256410256411,58.61538461538461,1958,2,0.03593528025612454,1405,Cradle Of Love,Johnny Preston,1,0,1,1
3,0.9314940436277503,0.5909151797921867,0.0,1.0,19.0,0.8402032012941176,10.0,0.5142857142857142,57.74285714285714,1963,0,0.03413490805580145,443,Stout-Hearted Men,Barbra Streisand,3,0,1,0
4,0.8085017305107598,0.6665026844310917,-0.9749279121818236,-0.2225209339563146,22.0,0.8128208909354839,8.0,0.46875,63.40625,1963,1,0.04000821119083536,267,Stay Away From My Baby,Ted Taylor,4,0,0,1
5,0.9057277259460864,0.5712317738890683,0.43388373911755823,-0.900968867902419,23.0,0.7657902998333334,8.0,0.5405405405405406,61.891891891891895,1963,2,0.036737930089712885,563,Go-Go Girl,Lee Dorsey,2,0,1,1
6,0.9102872447002458,0.5711140918326776,0.9749279121818236,-0.22252093395631434,21.0,0.559633996173077,10.0,0.5660377358490566,62.79245283018868,1963,3,0.02654106749358403,413,(There's) Always Something There To Remind Me,Sandie Shaw,5,0,0,0
7,0.960077496092988,0.6224696154029122,0.7818314824680298,0.6234898018587336,22.0,0.8554376870666667,10.0,0.5483870967741935,58.774193548387096,1963,4,0.025855826128464033,1442,Hanky Panky,Tommy James And The Shondells,1,0,1,1
8,0.928630508451232,0.5975843005726563,0.9749279121818236,-0.22252093395631434,17.0,0.8108899773142857,7.0,0.5277777777777778,60.72222222222222,1968,0,0.025941497564181057,422,Turn On A Dream,The Box Tops,5,0,0,0
9,0.9331606962662852,0.5872498765189824,0.43388373911755823,-0.900968867902419,18.0,0.8264805183142858,10.0,0.6111111111111112,63.888888888888886,1968,1,0.04074146515835171,547,"Promises, Promises",Dionne Warwick,2,0,1,1
10,0.946848708265816,0.6445196968905026,0.7818314824680298,0.6234898018587336,20.0,0.7925577475555555,10.0,0.6486486486486487,59.51351351351352,1968,2,0.02737298782723233,1128,Up On The Roof,Laura Nyro,1,0,1,1
11,0.8946673841548092,0.6624953727281595,0.0,1.0,21.0,0.8324513638000001,8.0,0.5833333333333334,59.5,1968,3,0.034319794396571505,365,Take A Look Around,Smith,3,0,1,0
12,0.7815618546471883,0.5619788574233855,-0.9749279121818236,-0.2225209339563146,19.0,0.8811059240312501,7.0,0.4848484848484848,63.21212121212121,1968,4,0.04103266272207353,322,(You've Got) Personality And Chantilly Lace,Mitch Ryder,4,1,0,1
13,0.9022386703603426,0.5769888233308306,0.0,1.0,18.0,0.8094709083529412,9.0,0.5142857142857142,60.114285714285714,1973,0,0.032328657554277954,294,I Get High On You,Sly Stone,3,0,1,0
14,0.9552878867771388,0.6356939073441676,0.7818314824680298,0.6234898018587336,18.0,0.724041201825,10.0,0.6585365853658537,62.0,1973,1,0.030768140198978302,951,I'll Get Over You,Crystal Gayle,1,0,1,1
15,0.8869002361341457,0.6528842317546186,0.43388373911755823,-0.900968867902419,21.0,0.7636064717567568,8.0,0.5789473684210527,62.0,1973,2,0.03904309312644976,495,Reaching For The World,Harold Melvin And The Blue Notes,2,0,1,1
16,0.7597981560921725,0.5730877453351089,-0.9749279121818236,-0.2225209339563146,18.0,1.082543613,6.0,0.4285714285714285,63.392857142857146,1973,3,0.040845004350327965,239,Living For The City,Stevie Wonder,4,0,0,1
17,0.930418000824474,0.5546899764160445,0.9749279121818236,-0.22252093395631434,21.0,0.7429040525641025,10.0,0.5,63.6,1973,4,0.02476853995736328,265,Let There Be Music,Orleans,5,1,0,0
18,0.8117946365748842,0.6614162450809481,-0.9749279121818236,-0.2225209339563146,15.0,1.09855843992,6.0,0.5,65.23076923076923,1978,0,0.039035244038812894,195,Shake Your Groove Thing,Peaches & Herb,4,0,0,1
19,0.9519033646995316,0.629467353762183,0.7818314824680298,0.6234898018587336,22.0,0.8138427059722222,9.0,0.6756756756756757,60.67567567567568,1978,1,0.041297929574774093,1330,Will You Still Love Me Tomorrow,Dave Mason,3,0,1,0
20,0.8849915366532548,0.6010876706580159,0.43388373911755823,-0.900968867902419,18.0,0.91811272675,8.0,0.5454545454545454,64.42424242424242,1978,2,0.04029637934366638,467,Living Inside Myself,Gino Vannelli,2,0,1,1
21,0.9671920112440168,0.6272417940017115,0.7818314824680298,0.6234898018587336,21.0,0.7179916376341462,8.0,0.6666666666666666,62.833333333333336,1983,0,0.04156638667972568,1139,Thin Line Between Love And Hate,Pretenders,1,0,1,1
22,0.939770455629186,0.6298455114710948,0.43388373911755823,-0.900968867902419,17.0,0.7352547875161292,8.0,0.5,63.125,1983,1,0.038023513958465684,517,Looking For A New Love,Jody Watley,2,1,1,1
23,0.8960123809442192,0.6898493281482597,-0.9749279121818236,-0.2225209339563146,14.0,0.9402389583870968,7.0,0.625,64.65625,1983,2,0.04647199668232165,234,All She Wants to Do Is Dance,Don Henley,4,0,0,1
24,0.9553731413790048,0.5884504299431343,0.7818314824680298,0.6234898018587336,16.0,0.819970194,9.0,0.6486486486486487,60.45945945945946,1988,0,0.04295356351886135,953,The End Of The Innocence,Don Henley,3,0,1,0
25,0.8451991730664422,0.6533697100398941,-0.9749279121818236,-0.2225209339563146,18.0,0.7557325933947368,9.0,0.5897435897435898,61.76923076923077,1988,1,0.0438766846390692,265,Breakdown,Seduction,4,0,0,1
26,0.9397461281874576,0.6360111879553698,0.43388373911755823,-0.900968867902419,15.0,0.9173935191290322,8.0,0.59375,61.15625,1988,2,0.04088103794468043,489,Heat Of The Moment,After 7,2,0,1,1
27,0.9571833054508168,0.6068255022148399,0.7818314824680298,0.6234898018587336,17.0,0.6674488068095238,9.0,0.6976744186046512,59.88372093023256,1993,0,0.046904825371082676,859,Knocks Me Off My Feet,Donell Jones,1,0,1,1
28,0.9663291026924712,0.6084400955572822,0.43388373911755823,-0.900968867902419,14.0,0.7808645461891891,9.0,0.631578947368421,61.526315789473685,1993,1,0.03599060412815587,295,Candy Everybody Wants,"10,000 Maniacs",2,0,1,1
29,0.8112848604228137,0.5153386169843936,-0.9749279121818236,-0.2225209339563146,14.0,0.9954747673793104,7.0,0.6333333333333333,59.66666666666666,1993,2,0.0382917112167149,218,Spin Spin Sugar,Sneaker Pimps,4,0,0,1
30,0.8486877212350038,0.5364836955183695,-0.9749279121818236,-0.2225209339563146,18.0,1.315632369625,6.0,0.5294117647058824,58.88235294117647,1998,0,0.05365803195992884,216,My Way,Limp Bizkit,4,0,0,1
31,0.9290426033847164,0.6424182554551559,0.43388373911755823,-0.900968867902419,15.0,0.5481986394528302,12.0,0.7037037037037037,58.46296296296296,1998,1,0.03520029813966739,376,Don't Talk,Jon B,2,0,1,1
32,0.9904719407669724,0.6229766891349054,0.7818314824680298,0.6234898018587336,18.0,0.736521927425,11.0,0.7073170731707317,59.829268292682926,1998,2,0.04281052381138653,890,Hold On To Me,John Michael Montgomery,1,1,1,1
33,0.9852344778298238,0.6922195479930463,0.7818314824680298,0.6234898018587336,20.0,0.694488512804878,10.0,0.7380952380952381,60.07142857142857,2003,0,0.04654283751114902,980,Down,RKM & Ken-Y,1,0,1,1
34,0.968747380978786,0.6436645678636574,0.43388373911755823,-0.900968867902419,23.0,0.6513321642666667,10.0,0.7608695652173914,63.73913043478261,2003,1,0.036914611770509045,389,Baby I Love U,Jennifer Lopez,2,0,1,1
35,0.8923778923873028,0.54812302221242,-0.9749279121818236,-0.2225209339563146,12.0,1.1835153817083333,5.0,0.64,58.24,2003,2,0.04645498536774871,245,We Run This,Missy Elliott,4,0,0,1
36,0.9776139721313932,0.691664144739563,0.43388373911755823,-0.900968867902419,17.0,0.6588795378333333,10.0,0.813953488372093,61.604651162790695,2008,0,0.036748791052014715,428,Give It 2 Me,Madonna,2,0,1,1
37,0.926978504774643,0.6421239646637801,-0.9749279121818236,-0.2225209339563146,21.0,1.221731557041667,5.0,0.72,59.0,2008,1,0.05049474813658542,221,Buzzin',Shwayze Featuring Cisco Adler,4,0,0,1
38,0.9923458727908044,0.6743095081585965,0.7818314824680298,0.6234898018587336,20.0,0.6242422171777778,12.0,0.8043478260869565,60.28260869565217,2008,2,0.04414005001515633,1418,Up All Night,Blink-182,1,0,1,1
39,0.903646552148982,0.6272999062365165,-0.9749279121818236,-0.2225209339563146,21.0,0.7868264264324325,8.0,0.7105263157894737,60.23684210526316,2013,0,0.04526025771207952,241,L.A.LOVE (la la),Fergie,4,0,0,1
40,0.981555602225883,0.6360032646113468,0.43388373911755823,-0.900968867902419,16.0,0.8044902242499998,11.0,0.8648648648648649,62.0,2013,1,0.03560716828359856,528,Back Up,DeJ Loaf Featuring Big Sean,2,0,1,1
41,0.9952115830037204,0.6717277990480253,0.7818314824680298,0.6234898018587336,19.0,0.6533961602444444,11.0,0.8043478260869565,58.15217391304348,2013,2,0.043732162726421615,1161,Backroad Song,Granger Smith,1,0,1,1
